student_id,rater_id,item_id,item_name,score
1,1,1,Organization,5
1,2,1,Organization,5
1,3,1,Organization,5
1,1,2,SuppDet_Advantages,5
1,2,2,SuppDet_Advantages,5
1,3,2,SuppDet_Advantages,5
1,1,3,SuppDet_Disadvantages,5
1,2,3,SuppDet_Disadvantages,5
1,3,3,SuppDet_Disadvantages,5
1,1,4,LanguageUse,5
1,2,4,LanguageUse,5
1,3,4,LanguageUse,4
2,1,1,Organization,5
2,2,1,Organization,2
2,3,1,Organization,3
2,1,2,SuppDet_Advantages,3
2,2,2,SuppDet_Advantages,2
2,3,2,SuppDet_Advantages,4
2,1,3,SuppDet_Disadvantages,3
2,2,3,SuppDet_Disadvantages,4
2,3,3,SuppDet_Disadvantages,2
2,1,4,LanguageUse,5
2,2,4,LanguageUse,4
2,3,4,LanguageUse,4
3,1,1,Organization,5
3,2,1,Organization,5
3,3,1,Organization,5
3,1,2,SuppDet_Advantages,4
3,2,2,SuppDet_Advantages,5
3,3,2,SuppDet_Advantages,3
3,1,3,SuppDet_Disadvantages,2
3,2,3,SuppDet_Disadvantages,3
3,3,3,SuppDet_Disadvantages,4
3,1,4,LanguageUse,5
3,2,4,LanguageUse,5
3,3,4,LanguageUse,4
4,1,1,Organization,4
4,2,1,Organization,3
4,3,1,Organization,3
4,1,2,SuppDet_Advantages,5
4,2,2,SuppDet_Advantages,5
4,3,2,SuppDet_Advantages,5
4,1,3,SuppDet_Disadvantages,5
4,2,3,SuppDet_Disadvantages,5
4,3,3,SuppDet_Disadvantages,5
4,1,4,LanguageUse,5
4,2,4,LanguageUse,5
4,3,4,LanguageUse,5
5,1,1,Organization,3
5,2,1,Organization,4
5,3,1,Organization,3
5,1,2,SuppDet_Advantages,5
5,2,2,SuppDet_Advantages,4
5,3,2,SuppDet_Advantages,4
5,1,3,SuppDet_Disadvantages,5
5,2,3,SuppDet_Disadvantages,5
5,3,3,SuppDet_Disadvantages,4
5,1,4,LanguageUse,3
5,2,4,LanguageUse,4
5,3,4,LanguageUse,4
6,1,1,Organization,5
6,2,1,Organization,3
6,3,1,Organization,3
6,1,2,SuppDet_Advantages,5
6,2,2,SuppDet_Advantages,5
6,3,2,SuppDet_Advantages,5
6,1,3,SuppDet_Disadvantages,5
6,2,3,SuppDet_Disadvantages,5
6,3,3,SuppDet_Disadvantages,4
6,1,4,LanguageUse,5
6,2,4,LanguageUse,3
6,3,4,LanguageUse,3
7,1,1,Organization,5
7,2,1,Organization,5
7,3,1,Organization,4
7,1,2,SuppDet_Advantages,4
7,2,2,SuppDet_Advantages,4
7,3,2,SuppDet_Advantages,4
7,1,3,SuppDet_Disadvantages,5
7,2,3,SuppDet_Disadvantages,4
7,3,3,SuppDet_Disadvantages,4
7,1,4,LanguageUse,5
7,2,4,LanguageUse,5
7,3,4,LanguageUse,5
8,1,1,Organization,5
8,2,1,Organization,5
8,3,1,Organization,4
8,1,2,SuppDet_Advantages,4
8,2,2,SuppDet_Advantages,3
8,3,2,SuppDet_Advantages,4
8,1,3,SuppDet_Disadvantages,5
8,2,3,SuppDet_Disadvantages,5
8,3,3,SuppDet_Disadvantages,4
8,1,4,LanguageUse,3
8,2,4,LanguageUse,2
8,3,4,LanguageUse,4
9,1,1,Organization,5
9,2,1,Organization,4
9,3,1,Organization,5
9,1,2,SuppDet_Advantages,5
9,2,2,SuppDet_Advantages,5
9,3,2,SuppDet_Advantages,4
9,1,3,SuppDet_Disadvantages,5
9,2,3,SuppDet_Disadvantages,3
9,3,3,SuppDet_Disadvantages,4
9,1,4,LanguageUse,3
9,2,4,LanguageUse,2
9,3,4,LanguageUse,3
10,1,1,Organization,5
10,2,1,Organization,5
10,3,1,Organization,4
10,1,2,SuppDet_Advantages,5
10,2,2,SuppDet_Advantages,5
10,3,2,SuppDet_Advantages,4
10,1,3,SuppDet_Disadvantages,4
10,2,3,SuppDet_Disadvantages,5
10,3,3,SuppDet_Disadvantages,5
10,1,4,LanguageUse,5
10,2,4,LanguageUse,5
10,3,4,LanguageUse,4
11,1,1,Organization,5
11,2,1,Organization,5
11,3,1,Organization,5
11,1,2,SuppDet_Advantages,5
11,2,2,SuppDet_Advantages,4
11,3,2,SuppDet_Advantages,4
11,1,3,SuppDet_Disadvantages,2
11,2,3,SuppDet_Disadvantages,2
11,3,3,SuppDet_Disadvantages,2
11,1,4,LanguageUse,5
11,2,4,LanguageUse,5
11,3,4,LanguageUse,4
12,1,1,Organization,5
12,2,1,Organization,4
12,3,1,Organization,3
12,1,2,SuppDet_Advantages,2
12,2,2,SuppDet_Advantages,2
12,3,2,SuppDet_Advantages,3
12,1,3,SuppDet_Disadvantages,5
12,2,3,SuppDet_Disadvantages,4
12,3,3,SuppDet_Disadvantages,3
12,1,4,LanguageUse,3
12,2,4,LanguageUse,2
12,3,4,LanguageUse,2
13,1,1,Organization,5
13,2,1,Organization,5
13,3,1,Organization,5
13,1,2,SuppDet_Advantages,3
13,2,2,SuppDet_Advantages,3
13,3,2,SuppDet_Advantages,3
13,1,3,SuppDet_Disadvantages,5
13,2,3,SuppDet_Disadvantages,5
13,3,3,SuppDet_Disadvantages,5
13,1,4,LanguageUse,5
13,2,4,LanguageUse,5
13,3,4,LanguageUse,5
14,1,1,Organization,5
14,2,1,Organization,5
14,3,1,Organization,4
14,1,2,SuppDet_Advantages,5
14,2,2,SuppDet_Advantages,5
14,3,2,SuppDet_Advantages,5
14,1,3,SuppDet_Disadvantages,5
14,2,3,SuppDet_Disadvantages,2
14,3,3,SuppDet_Disadvantages,3
14,1,4,LanguageUse,5
14,2,4,LanguageUse,5
14,3,4,LanguageUse,4
15,1,1,Organization,5
15,2,1,Organization,5
15,3,1,Organization,5
15,1,2,SuppDet_Advantages,5
15,2,2,SuppDet_Advantages,4
15,3,2,SuppDet_Advantages,4
15,1,3,SuppDet_Disadvantages,3
15,2,3,SuppDet_Disadvantages,4
15,3,3,SuppDet_Disadvantages,3
15,1,4,LanguageUse,5
15,2,4,LanguageUse,5
15,3,4,LanguageUse,5
16,1,1,Organization,5
16,2,1,Organization,5
16,3,1,Organization,5
16,1,2,SuppDet_Advantages,2
16,2,2,SuppDet_Advantages,3
16,3,2,SuppDet_Advantages,4
16,1,3,SuppDet_Disadvantages,2
16,2,3,SuppDet_Disadvantages,2
16,3,3,SuppDet_Disadvantages,2
16,1,4,LanguageUse,4
16,2,4,LanguageUse,3
16,3,4,LanguageUse,3
17,1,1,Organization,4
17,2,1,Organization,2
17,3,1,Organization,3
17,1,2,SuppDet_Advantages,5
17,2,2,SuppDet_Advantages,4
17,3,2,SuppDet_Advantages,4
17,1,3,SuppDet_Disadvantages,5
17,2,3,SuppDet_Disadvantages,5
17,3,3,SuppDet_Disadvantages,5
17,1,4,LanguageUse,5
17,2,4,LanguageUse,4
17,3,4,LanguageUse,4
18,1,1,Organization,5
18,2,1,Organization,5
18,3,1,Organization,5
18,1,2,SuppDet_Advantages,2
18,2,2,SuppDet_Advantages,2
18,3,2,SuppDet_Advantages,2
18,1,3,SuppDet_Disadvantages,5
18,2,3,SuppDet_Disadvantages,4
18,3,3,SuppDet_Disadvantages,4
18,1,4,LanguageUse,5
18,2,4,LanguageUse,4
18,3,4,LanguageUse,3
19,1,1,Organization,3
19,2,1,Organization,3
19,3,1,Organization,3
19,1,2,SuppDet_Advantages,5
19,2,2,SuppDet_Advantages,4
19,3,2,SuppDet_Advantages,4
19,1,3,SuppDet_Disadvantages,3
19,2,3,SuppDet_Disadvantages,3
19,3,3,SuppDet_Disadvantages,4
19,1,4,LanguageUse,2
19,2,4,LanguageUse,2
19,3,4,LanguageUse,3
20,1,1,Organization,5
20,2,1,Organization,5
20,3,1,Organization,5
20,1,2,SuppDet_Advantages,5
20,2,2,SuppDet_Advantages,5
20,3,2,SuppDet_Advantages,5
20,1,3,SuppDet_Disadvantages,4
20,2,3,SuppDet_Disadvantages,4
20,3,3,SuppDet_Disadvantages,5
20,1,4,LanguageUse,5
20,2,4,LanguageUse,5
20,3,4,LanguageUse,5
21,1,1,Organization,2
21,2,1,Organization,2
21,3,1,Organization,3
21,1,2,SuppDet_Advantages,5
21,2,2,SuppDet_Advantages,5
21,3,2,SuppDet_Advantages,5
21,1,3,SuppDet_Disadvantages,3
21,2,3,SuppDet_Disadvantages,4
21,3,3,SuppDet_Disadvantages,3
21,1,4,LanguageUse,5
21,2,4,LanguageUse,5
21,3,4,LanguageUse,5
22,1,1,Organization,5
22,2,1,Organization,5
22,3,1,Organization,5
22,1,2,SuppDet_Advantages,3
22,2,2,SuppDet_Advantages,4
22,3,2,SuppDet_Advantages,3
22,1,3,SuppDet_Disadvantages,5
22,2,3,SuppDet_Disadvantages,5
22,3,3,SuppDet_Disadvantages,4
22,1,4,LanguageUse,5
22,2,4,LanguageUse,4
22,3,4,LanguageUse,5
23,1,1,Organization,5
23,2,1,Organization,5
23,3,1,Organization,4
23,1,2,SuppDet_Advantages,5
23,2,2,SuppDet_Advantages,5
23,3,2,SuppDet_Advantages,4
23,1,3,SuppDet_Disadvantages,5
23,2,3,SuppDet_Disadvantages,5
23,3,3,SuppDet_Disadvantages,4
23,1,4,LanguageUse,5
23,2,4,LanguageUse,5
23,3,4,LanguageUse,5
24,1,1,Organization,3
24,2,1,Organization,4
24,3,1,Organization,3
24,1,2,SuppDet_Advantages,5
24,2,2,SuppDet_Advantages,5
24,3,2,SuppDet_Advantages,5
24,1,3,SuppDet_Disadvantages,5
24,2,3,SuppDet_Disadvantages,5
24,3,3,SuppDet_Disadvantages,5
24,1,4,LanguageUse,5
24,2,4,LanguageUse,5
24,3,4,LanguageUse,3
25,1,1,Organization,5
25,2,1,Organization,5
25,3,1,Organization,5
25,1,2,SuppDet_Advantages,5
25,2,2,SuppDet_Advantages,4
25,3,2,SuppDet_Advantages,5
25,1,3,SuppDet_Disadvantages,5
25,2,3,SuppDet_Disadvantages,4
25,3,3,SuppDet_Disadvantages,3
25,1,4,LanguageUse,5
25,2,4,LanguageUse,5
25,3,4,LanguageUse,5
26,1,1,Organization,5
26,2,1,Organization,4
26,3,1,Organization,4
26,1,2,SuppDet_Advantages,1
26,2,2,SuppDet_Advantages,3
26,3,2,SuppDet_Advantages,2
26,1,3,SuppDet_Disadvantages,3
26,2,3,SuppDet_Disadvantages,2
26,3,3,SuppDet_Disadvantages,1
26,1,4,LanguageUse,5
26,2,4,LanguageUse,4
26,3,4,LanguageUse,3
27,1,1,Organization,5
27,2,1,Organization,5
27,3,1,Organization,5
27,1,2,SuppDet_Advantages,5
27,2,2,SuppDet_Advantages,5
27,3,2,SuppDet_Advantages,5
27,1,3,SuppDet_Disadvantages,1
27,2,3,SuppDet_Disadvantages,2
27,3,3,SuppDet_Disadvantages,3
27,1,4,LanguageUse,5
27,2,4,LanguageUse,4
27,3,4,LanguageUse,4
28,1,1,Organization,5
28,2,1,Organization,5
28,3,1,Organization,5
28,1,2,SuppDet_Advantages,4
28,2,2,SuppDet_Advantages,4
28,3,2,SuppDet_Advantages,1
28,1,3,SuppDet_Disadvantages,4
28,2,3,SuppDet_Disadvantages,4
28,3,3,SuppDet_Disadvantages,4
28,1,4,LanguageUse,5
28,2,4,LanguageUse,4
28,3,4,LanguageUse,4
29,1,1,Organization,5
29,2,1,Organization,5
29,3,1,Organization,5
29,1,2,SuppDet_Advantages,5
29,2,2,SuppDet_Advantages,5
29,3,2,SuppDet_Advantages,5
29,1,3,SuppDet_Disadvantages,5
29,2,3,SuppDet_Disadvantages,4
29,3,3,SuppDet_Disadvantages,3
29,1,4,LanguageUse,5
29,2,4,LanguageUse,5
29,3,4,LanguageUse,4
30,1,1,Organization,5
30,2,1,Organization,5
30,3,1,Organization,4
30,1,2,SuppDet_Advantages,3
30,2,2,SuppDet_Advantages,2
30,3,2,SuppDet_Advantages,4
30,1,3,SuppDet_Disadvantages,3
30,2,3,SuppDet_Disadvantages,2
30,3,3,SuppDet_Disadvantages,3
30,1,4,LanguageUse,5
30,2,4,LanguageUse,5
30,3,4,LanguageUse,5
31,1,1,Organization,1
31,2,1,Organization,4
31,3,1,Organization,3
31,1,2,SuppDet_Advantages,3
31,2,2,SuppDet_Advantages,4
31,3,2,SuppDet_Advantages,4
31,1,3,SuppDet_Disadvantages,5
31,2,3,SuppDet_Disadvantages,4
31,3,3,SuppDet_Disadvantages,3
31,1,4,LanguageUse,4
31,2,4,LanguageUse,4
31,3,4,LanguageUse,3
32,1,1,Organization,5
32,2,1,Organization,5
32,3,1,Organization,5
32,1,2,SuppDet_Advantages,5
32,2,2,SuppDet_Advantages,5
32,3,2,SuppDet_Advantages,5
32,1,3,SuppDet_Disadvantages,5
32,2,3,SuppDet_Disadvantages,5
32,3,3,SuppDet_Disadvantages,5
32,1,4,LanguageUse,4
32,2,4,LanguageUse,3
32,3,4,LanguageUse,3
33,1,1,Organization,5
33,2,1,Organization,4
33,3,1,Organization,3
33,1,2,SuppDet_Advantages,5
33,2,2,SuppDet_Advantages,5
33,3,2,SuppDet_Advantages,4
33,1,3,SuppDet_Disadvantages,4
33,2,3,SuppDet_Disadvantages,4
33,3,3,SuppDet_Disadvantages,4
33,1,4,LanguageUse,5
33,2,4,LanguageUse,4
33,3,4,LanguageUse,4
34,1,1,Organization,5
34,2,1,Organization,5
34,3,1,Organization,5
34,1,2,SuppDet_Advantages,1
34,2,2,SuppDet_Advantages,2
34,3,2,SuppDet_Advantages,2
34,1,3,SuppDet_Disadvantages,5
34,2,3,SuppDet_Disadvantages,5
34,3,3,SuppDet_Disadvantages,4
34,1,4,LanguageUse,5
34,2,4,LanguageUse,4
34,3,4,LanguageUse,4
35,1,1,Organization,4
35,2,1,Organization,4
35,3,1,Organization,3
35,1,2,SuppDet_Advantages,5
35,2,2,SuppDet_Advantages,5
35,3,2,SuppDet_Advantages,4
35,1,3,SuppDet_Disadvantages,3
35,2,3,SuppDet_Disadvantages,2
35,3,3,SuppDet_Disadvantages,4
35,1,4,LanguageUse,4
35,2,4,LanguageUse,4
35,3,4,LanguageUse,3
36,1,1,Organization,3
36,2,1,Organization,3
36,3,1,Organization,4
36,1,2,SuppDet_Advantages,3
36,2,2,SuppDet_Advantages,2
36,3,2,SuppDet_Advantages,3
36,1,3,SuppDet_Disadvantages,5
36,2,3,SuppDet_Disadvantages,4
36,3,3,SuppDet_Disadvantages,4
36,1,4,LanguageUse,2
36,2,4,LanguageUse,2
36,3,4,LanguageUse,3
37,1,1,Organization,5
37,2,1,Organization,5
37,3,1,Organization,5
37,1,2,SuppDet_Advantages,5
37,2,2,SuppDet_Advantages,5
37,3,2,SuppDet_Advantages,5
37,1,3,SuppDet_Disadvantages,5
37,2,3,SuppDet_Disadvantages,5
37,3,3,SuppDet_Disadvantages,4
37,1,4,LanguageUse,5
37,2,4,LanguageUse,5
37,3,4,LanguageUse,5
38,1,1,Organization,3
38,2,1,Organization,4
38,3,1,Organization,5
38,1,2,SuppDet_Advantages,2
38,2,2,SuppDet_Advantages,2
38,3,2,SuppDet_Advantages,4
38,1,3,SuppDet_Disadvantages,3
38,2,3,SuppDet_Disadvantages,4
38,3,3,SuppDet_Disadvantages,4
38,1,4,LanguageUse,4
38,2,4,LanguageUse,3
38,3,4,LanguageUse,3
39,1,1,Organization,5
39,2,1,Organization,5
39,3,1,Organization,5
39,1,2,SuppDet_Advantages,5
39,2,2,SuppDet_Advantages,5
39,3,2,SuppDet_Advantages,5
39,1,3,SuppDet_Disadvantages,5
39,2,3,SuppDet_Disadvantages,5
39,3,3,SuppDet_Disadvantages,5
39,1,4,LanguageUse,5
39,2,4,LanguageUse,5
39,3,4,LanguageUse,5
40,1,1,Organization,5
40,2,1,Organization,5
40,3,1,Organization,5
40,1,2,SuppDet_Advantages,3
40,2,2,SuppDet_Advantages,2
40,3,2,SuppDet_Advantages,3
40,1,3,SuppDet_Disadvantages,5
40,2,3,SuppDet_Disadvantages,4
40,3,3,SuppDet_Disadvantages,5
40,1,4,LanguageUse,5
40,2,4,LanguageUse,5
40,3,4,LanguageUse,4
41,1,1,Organization,4
41,2,1,Organization,4
41,3,1,Organization,3
41,1,2,SuppDet_Advantages,5
41,2,2,SuppDet_Advantages,5
41,3,2,SuppDet_Advantages,5
41,1,3,SuppDet_Disadvantages,5
41,2,3,SuppDet_Disadvantages,4
41,3,3,SuppDet_Disadvantages,5
41,1,4,LanguageUse,5
41,2,4,LanguageUse,5
41,3,4,LanguageUse,4
42,1,1,Organization,5
42,2,1,Organization,5
42,3,1,Organization,5
42,1,2,SuppDet_Advantages,5
42,2,2,SuppDet_Advantages,5
42,3,2,SuppDet_Advantages,5
42,1,3,SuppDet_Disadvantages,5
42,2,3,SuppDet_Disadvantages,5
42,3,3,SuppDet_Disadvantages,4
42,1,4,LanguageUse,5
42,2,4,LanguageUse,5
42,3,4,LanguageUse,5
43,1,1,Organization,4
43,2,1,Organization,4
43,3,1,Organization,4
43,1,2,SuppDet_Advantages,4
43,2,2,SuppDet_Advantages,4
43,3,2,SuppDet_Advantages,3
43,1,3,SuppDet_Disadvantages,4
43,2,3,SuppDet_Disadvantages,4
43,3,3,SuppDet_Disadvantages,3
43,1,4,LanguageUse,3
43,2,4,LanguageUse,4
43,3,4,LanguageUse,4
44,1,1,Organization,5
44,2,1,Organization,5
44,3,1,Organization,5
44,1,2,SuppDet_Advantages,5
44,2,2,SuppDet_Advantages,5
44,3,2,SuppDet_Advantages,5
44,1,3,SuppDet_Disadvantages,3
44,2,3,SuppDet_Disadvantages,2
44,3,3,SuppDet_Disadvantages,4
44,1,4,LanguageUse,5
44,2,4,LanguageUse,5
44,3,4,LanguageUse,3
45,1,1,Organization,5
45,2,1,Organization,5
45,3,1,Organization,4
45,1,2,SuppDet_Advantages,5
45,2,2,SuppDet_Advantages,4
45,3,2,SuppDet_Advantages,4
45,1,3,SuppDet_Disadvantages,2
45,2,3,SuppDet_Disadvantages,2
45,3,3,SuppDet_Disadvantages,2
45,1,4,LanguageUse,3
45,2,4,LanguageUse,4
45,3,4,LanguageUse,3
46,1,1,Organization,5
46,2,1,Organization,5
46,3,1,Organization,5
46,1,2,SuppDet_Advantages,5
46,2,2,SuppDet_Advantages,5
46,3,2,SuppDet_Advantages,5
46,1,3,SuppDet_Disadvantages,5
46,2,3,SuppDet_Disadvantages,5
46,3,3,SuppDet_Disadvantages,3
46,1,4,LanguageUse,5
46,2,4,LanguageUse,5
46,3,4,LanguageUse,4
47,1,1,Organization,5
47,2,1,Organization,5
47,3,1,Organization,4
47,1,2,SuppDet_Advantages,2
47,2,2,SuppDet_Advantages,4
47,3,2,SuppDet_Advantages,3
47,1,3,SuppDet_Disadvantages,5
47,2,3,SuppDet_Disadvantages,4
47,3,3,SuppDet_Disadvantages,4
47,1,4,LanguageUse,4
47,2,4,LanguageUse,2
47,3,4,LanguageUse,3
48,1,1,Organization,4
48,2,1,Organization,4
48,3,1,Organization,5
48,1,2,SuppDet_Advantages,5
48,2,2,SuppDet_Advantages,4
48,3,2,SuppDet_Advantages,3
48,1,3,SuppDet_Disadvantages,3
48,2,3,SuppDet_Disadvantages,3
48,3,3,SuppDet_Disadvantages,4
48,1,4,LanguageUse,5
48,2,4,LanguageUse,4
48,3,4,LanguageUse,5
49,1,1,Organization,5
49,2,1,Organization,5
49,3,1,Organization,5
49,1,2,SuppDet_Advantages,5
49,2,2,SuppDet_Advantages,4
49,3,2,SuppDet_Advantages,4
49,1,3,SuppDet_Disadvantages,5
49,2,3,SuppDet_Disadvantages,5
49,3,3,SuppDet_Disadvantages,5
49,1,4,LanguageUse,5
49,2,4,LanguageUse,5
49,3,4,LanguageUse,4
50,1,1,Organization,5
50,2,1,Organization,5
50,3,1,Organization,5
50,1,2,SuppDet_Advantages,5
50,2,2,SuppDet_Advantages,4
50,3,2,SuppDet_Advantages,3
50,1,3,SuppDet_Disadvantages,4
50,2,3,SuppDet_Disadvantages,4
50,3,3,SuppDet_Disadvantages,3
50,1,4,LanguageUse,5
50,2,4,LanguageUse,5
50,3,4,LanguageUse,5
51,1,1,Organization,1
51,2,1,Organization,4
51,3,1,Organization,3
51,1,2,SuppDet_Advantages,5
51,2,2,SuppDet_Advantages,4
51,3,2,SuppDet_Advantages,4
51,1,3,SuppDet_Disadvantages,3
51,2,3,SuppDet_Disadvantages,4
51,3,3,SuppDet_Disadvantages,3
51,1,4,LanguageUse,5
51,2,4,LanguageUse,4
51,3,4,LanguageUse,4
52,1,1,Organization,5
52,2,1,Organization,5
52,3,1,Organization,5
52,1,2,SuppDet_Advantages,3
52,2,2,SuppDet_Advantages,2
52,3,2,SuppDet_Advantages,2
52,1,3,SuppDet_Disadvantages,2
52,2,3,SuppDet_Disadvantages,4
52,3,3,SuppDet_Disadvantages,2
52,1,4,LanguageUse,5
52,2,4,LanguageUse,5
52,3,4,LanguageUse,5
53,1,1,Organization,5
53,2,1,Organization,5
53,3,1,Organization,4
53,1,2,SuppDet_Advantages,5
53,2,2,SuppDet_Advantages,4
53,3,2,SuppDet_Advantages,3
53,1,3,SuppDet_Disadvantages,5
53,2,3,SuppDet_Disadvantages,4
53,3,3,SuppDet_Disadvantages,3
53,1,4,LanguageUse,5
53,2,4,LanguageUse,4
53,3,4,LanguageUse,5
54,1,1,Organization,5
54,2,1,Organization,5
54,3,1,Organization,5
54,1,2,SuppDet_Advantages,5
54,2,2,SuppDet_Advantages,4
54,3,2,SuppDet_Advantages,4
54,1,3,SuppDet_Disadvantages,5
54,2,3,SuppDet_Disadvantages,5
54,3,3,SuppDet_Disadvantages,5
54,1,4,LanguageUse,5
54,2,4,LanguageUse,5
54,3,4,LanguageUse,4
55,1,1,Organization,5
55,2,1,Organization,5
55,3,1,Organization,4
55,1,2,SuppDet_Advantages,5
55,2,2,SuppDet_Advantages,4
55,3,2,SuppDet_Advantages,3
55,1,3,SuppDet_Disadvantages,4
55,2,3,SuppDet_Disadvantages,4
55,3,3,SuppDet_Disadvantages,4
55,1,4,LanguageUse,5
55,2,4,LanguageUse,5
55,3,4,LanguageUse,5
56,1,1,Organization,1
56,2,1,Organization,3
56,3,1,Organization,3
56,1,2,SuppDet_Advantages,5
56,2,2,SuppDet_Advantages,4
56,3,2,SuppDet_Advantages,5
56,1,3,SuppDet_Disadvantages,5
56,2,3,SuppDet_Disadvantages,5
56,3,3,SuppDet_Disadvantages,4
56,1,4,LanguageUse,4
56,2,4,LanguageUse,2
56,3,4,LanguageUse,4
57,1,1,Organization,2
57,2,1,Organization,2
57,3,1,Organization,3
57,1,2,SuppDet_Advantages,5
57,2,2,SuppDet_Advantages,4
57,3,2,SuppDet_Advantages,3
57,1,3,SuppDet_Disadvantages,5
57,2,3,SuppDet_Disadvantages,5
57,3,3,SuppDet_Disadvantages,2
57,1,4,LanguageUse,4
57,2,4,LanguageUse,5
57,3,4,LanguageUse,4
58,1,1,Organization,5
58,2,1,Organization,5
58,3,1,Organization,5
58,1,2,SuppDet_Advantages,3
58,2,2,SuppDet_Advantages,4
58,3,2,SuppDet_Advantages,3
58,1,3,SuppDet_Disadvantages,3
58,2,3,SuppDet_Disadvantages,4
58,3,3,SuppDet_Disadvantages,1
58,1,4,LanguageUse,5
58,2,4,LanguageUse,5
58,3,4,LanguageUse,5
59,1,1,Organization,5
59,2,1,Organization,5
59,3,1,Organization,5
59,1,2,SuppDet_Advantages,5
59,2,2,SuppDet_Advantages,5
59,3,2,SuppDet_Advantages,4
59,1,3,SuppDet_Disadvantages,1
59,2,3,SuppDet_Disadvantages,2
59,3,3,SuppDet_Disadvantages,5
59,1,4,LanguageUse,5
59,2,4,LanguageUse,5
59,3,4,LanguageUse,5
60,1,1,Organization,5
60,2,1,Organization,2
60,3,1,Organization,3
60,1,2,SuppDet_Advantages,5
60,2,2,SuppDet_Advantages,3
60,3,2,SuppDet_Advantages,3
60,1,3,SuppDet_Disadvantages,2
60,2,3,SuppDet_Disadvantages,4
60,3,3,SuppDet_Disadvantages,2
60,1,4,LanguageUse,4
60,2,4,LanguageUse,4
60,3,4,LanguageUse,3
61,1,1,Organization,5
61,2,1,Organization,5
61,3,1,Organization,5
61,1,2,SuppDet_Advantages,5
61,2,2,SuppDet_Advantages,5
61,3,2,SuppDet_Advantages,5
61,1,3,SuppDet_Disadvantages,1
61,2,3,SuppDet_Disadvantages,3
61,3,3,SuppDet_Disadvantages,3
61,1,4,LanguageUse,5
61,2,4,LanguageUse,4
61,3,4,LanguageUse,5
62,1,1,Organization,5
62,2,1,Organization,5
62,3,1,Organization,4
62,1,2,SuppDet_Advantages,5
62,2,2,SuppDet_Advantages,2
62,3,2,SuppDet_Advantages,3
62,1,3,SuppDet_Disadvantages,5
62,2,3,SuppDet_Disadvantages,4
62,3,3,SuppDet_Disadvantages,5
62,1,4,LanguageUse,5
62,2,4,LanguageUse,5
62,3,4,LanguageUse,4
63,1,1,Organization,5
63,2,1,Organization,5
63,3,1,Organization,4
63,1,2,SuppDet_Advantages,5
63,2,2,SuppDet_Advantages,5
63,3,2,SuppDet_Advantages,5
63,1,3,SuppDet_Disadvantages,5
63,2,3,SuppDet_Disadvantages,4
63,3,3,SuppDet_Disadvantages,3
63,1,4,LanguageUse,5
63,2,4,LanguageUse,5
63,3,4,LanguageUse,5
64,1,1,Organization,5
64,2,1,Organization,5
64,3,1,Organization,5
64,1,2,SuppDet_Advantages,5
64,2,2,SuppDet_Advantages,5
64,3,2,SuppDet_Advantages,4
64,1,3,SuppDet_Disadvantages,5
64,2,3,SuppDet_Disadvantages,5
64,3,3,SuppDet_Disadvantages,5
64,1,4,LanguageUse,5
64,2,4,LanguageUse,5
64,3,4,LanguageUse,5
65,1,1,Organization,3
65,2,1,Organization,4
65,3,1,Organization,3
65,1,2,SuppDet_Advantages,4
65,2,2,SuppDet_Advantages,4
65,3,2,SuppDet_Advantages,2
65,1,3,SuppDet_Disadvantages,5
65,2,3,SuppDet_Disadvantages,5
65,3,3,SuppDet_Disadvantages,5
65,1,4,LanguageUse,5
65,2,4,LanguageUse,5
65,3,4,LanguageUse,4
66,1,1,Organization,3
66,2,1,Organization,4
66,3,1,Organization,2
66,1,2,SuppDet_Advantages,2
66,2,2,SuppDet_Advantages,3
66,3,2,SuppDet_Advantages,1
66,1,3,SuppDet_Disadvantages,3
66,2,3,SuppDet_Disadvantages,3
66,3,3,SuppDet_Disadvantages,3
66,1,4,LanguageUse,5
66,2,4,LanguageUse,4
66,3,4,LanguageUse,3
67,1,1,Organization,5
67,2,1,Organization,4
67,3,1,Organization,3
67,1,2,SuppDet_Advantages,4
67,2,2,SuppDet_Advantages,2
67,3,2,SuppDet_Advantages,2
67,1,3,SuppDet_Disadvantages,3
67,2,3,SuppDet_Disadvantages,3
67,3,3,SuppDet_Disadvantages,4
67,1,4,LanguageUse,5
67,2,4,LanguageUse,4
67,3,4,LanguageUse,4
68,1,1,Organization,5
68,2,1,Organization,5
68,3,1,Organization,5
68,1,2,SuppDet_Advantages,4
68,2,2,SuppDet_Advantages,4
68,3,2,SuppDet_Advantages,1
68,1,3,SuppDet_Disadvantages,5
68,2,3,SuppDet_Disadvantages,5
68,3,3,SuppDet_Disadvantages,5
68,1,4,LanguageUse,5
68,2,4,LanguageUse,5
68,3,4,LanguageUse,3
69,1,1,Organization,5
69,2,1,Organization,5
69,3,1,Organization,5
69,1,2,SuppDet_Advantages,5
69,2,2,SuppDet_Advantages,5
69,3,2,SuppDet_Advantages,5
69,1,3,SuppDet_Disadvantages,5
69,2,3,SuppDet_Disadvantages,5
69,3,3,SuppDet_Disadvantages,5
69,1,4,LanguageUse,5
69,2,4,LanguageUse,5
69,3,4,LanguageUse,4
70,1,1,Organization,5
70,2,1,Organization,5
70,3,1,Organization,5
70,1,2,SuppDet_Advantages,5
70,2,2,SuppDet_Advantages,4
70,3,2,SuppDet_Advantages,5
70,1,3,SuppDet_Disadvantages,3
70,2,3,SuppDet_Disadvantages,4
70,3,3,SuppDet_Disadvantages,3
70,1,4,LanguageUse,5
70,2,4,LanguageUse,4
70,3,4,LanguageUse,5
71,1,1,Organization,5
71,2,1,Organization,4
71,3,1,Organization,3
71,1,2,SuppDet_Advantages,5
71,2,2,SuppDet_Advantages,5
71,3,2,SuppDet_Advantages,5
71,1,3,SuppDet_Disadvantages,5
71,2,3,SuppDet_Disadvantages,5
71,3,3,SuppDet_Disadvantages,5
71,1,4,LanguageUse,5
71,2,4,LanguageUse,4
71,3,4,LanguageUse,4
72,1,1,Organization,5
72,2,1,Organization,5
72,3,1,Organization,5
72,1,2,SuppDet_Advantages,1
72,2,2,SuppDet_Advantages,4
72,3,2,SuppDet_Advantages,3
72,1,3,SuppDet_Disadvantages,2
72,2,3,SuppDet_Disadvantages,2
72,3,3,SuppDet_Disadvantages,3
72,1,4,LanguageUse,5
72,2,4,LanguageUse,4
72,3,4,LanguageUse,4
73,1,1,Organization,5
73,2,1,Organization,5
73,3,1,Organization,4
73,1,2,SuppDet_Advantages,5
73,2,2,SuppDet_Advantages,3
73,3,2,SuppDet_Advantages,3
73,1,3,SuppDet_Disadvantages,3
73,2,3,SuppDet_Disadvantages,4
73,3,3,SuppDet_Disadvantages,2
73,1,4,LanguageUse,4
73,2,4,LanguageUse,4
73,3,4,LanguageUse,3
74,1,1,Organization,2
74,2,1,Organization,4
74,3,1,Organization,3
74,1,2,SuppDet_Advantages,3
74,2,2,SuppDet_Advantages,2
74,3,2,SuppDet_Advantages,4
74,1,3,SuppDet_Disadvantages,3
74,2,3,SuppDet_Disadvantages,4
74,3,3,SuppDet_Disadvantages,3
74,1,4,LanguageUse,3
74,2,4,LanguageUse,3
74,3,4,LanguageUse,3
75,1,1,Organization,5
75,2,1,Organization,5
75,3,1,Organization,5
75,1,2,SuppDet_Advantages,3
75,2,2,SuppDet_Advantages,4
75,3,2,SuppDet_Advantages,3
75,1,3,SuppDet_Disadvantages,2
75,2,3,SuppDet_Disadvantages,3
75,3,3,SuppDet_Disadvantages,4
75,1,4,LanguageUse,5
75,2,4,LanguageUse,5
75,3,4,LanguageUse,5
76,1,1,Organization,5
76,2,1,Organization,5
76,3,1,Organization,5
76,1,2,SuppDet_Advantages,5
76,2,2,SuppDet_Advantages,5
76,3,2,SuppDet_Advantages,4
76,1,3,SuppDet_Disadvantages,5
76,2,3,SuppDet_Disadvantages,3
76,3,3,SuppDet_Disadvantages,3
76,1,4,LanguageUse,5
76,2,4,LanguageUse,5
76,3,4,LanguageUse,5
77,1,1,Organization,5
77,2,1,Organization,4
77,3,1,Organization,5
77,1,2,SuppDet_Advantages,5
77,2,2,SuppDet_Advantages,4
77,3,2,SuppDet_Advantages,4
77,1,3,SuppDet_Disadvantages,3
77,2,3,SuppDet_Disadvantages,2
77,3,3,SuppDet_Disadvantages,2
77,1,4,LanguageUse,5
77,2,4,LanguageUse,4
77,3,4,LanguageUse,4
78,1,1,Organization,5
78,2,1,Organization,5
78,3,1,Organization,5
78,1,2,SuppDet_Advantages,5
78,2,2,SuppDet_Advantages,5
78,3,2,SuppDet_Advantages,5
78,1,3,SuppDet_Disadvantages,5
78,2,3,SuppDet_Disadvantages,4
78,3,3,SuppDet_Disadvantages,4
78,1,4,LanguageUse,5
78,2,4,LanguageUse,5
78,3,4,LanguageUse,5
79,1,1,Organization,3
79,2,1,Organization,4
79,3,1,Organization,3
79,1,2,SuppDet_Advantages,5
79,2,2,SuppDet_Advantages,3
79,3,2,SuppDet_Advantages,4
79,1,3,SuppDet_Disadvantages,5
79,2,3,SuppDet_Disadvantages,5
79,3,3,SuppDet_Disadvantages,5
79,1,4,LanguageUse,5
79,2,4,LanguageUse,4
79,3,4,LanguageUse,3
80,1,1,Organization,5
80,2,1,Organization,4
80,3,1,Organization,4
80,1,2,SuppDet_Advantages,2
80,2,2,SuppDet_Advantages,2
80,3,2,SuppDet_Advantages,4
80,1,3,SuppDet_Disadvantages,5
80,2,3,SuppDet_Disadvantages,4
80,3,3,SuppDet_Disadvantages,3
80,1,4,LanguageUse,5
80,2,4,LanguageUse,4
80,3,4,LanguageUse,5
81,1,1,Organization,2
81,2,1,Organization,2
81,3,1,Organization,2
81,1,2,SuppDet_Advantages,4
81,2,2,SuppDet_Advantages,4
81,3,2,SuppDet_Advantages,4
81,1,3,SuppDet_Disadvantages,3
81,2,3,SuppDet_Disadvantages,3
81,3,3,SuppDet_Disadvantages,3
81,1,4,LanguageUse,2
81,2,4,LanguageUse,3
81,3,4,LanguageUse,3
82,1,1,Organization,5
82,2,1,Organization,5
82,3,1,Organization,5
82,1,2,SuppDet_Advantages,5
82,2,2,SuppDet_Advantages,5
82,3,2,SuppDet_Advantages,4
82,1,3,SuppDet_Disadvantages,4
82,2,3,SuppDet_Disadvantages,4
82,3,3,SuppDet_Disadvantages,4
82,1,4,LanguageUse,5
82,2,4,LanguageUse,5
82,3,4,LanguageUse,4
83,1,1,Organization,5
83,2,1,Organization,5
83,3,1,Organization,4
83,1,2,SuppDet_Advantages,5
83,2,2,SuppDet_Advantages,5
83,3,2,SuppDet_Advantages,4
83,1,3,SuppDet_Disadvantages,4
83,2,3,SuppDet_Disadvantages,5
83,3,3,SuppDet_Disadvantages,4
83,1,4,LanguageUse,5
83,2,4,LanguageUse,5
83,3,4,LanguageUse,5
84,1,1,Organization,5
84,2,1,Organization,5
84,3,1,Organization,5
84,1,2,SuppDet_Advantages,5
84,2,2,SuppDet_Advantages,4
84,3,2,SuppDet_Advantages,5
84,1,3,SuppDet_Disadvantages,5
84,2,3,SuppDet_Disadvantages,3
84,3,3,SuppDet_Disadvantages,4
84,1,4,LanguageUse,5
84,2,4,LanguageUse,4
84,3,4,LanguageUse,3
85,1,1,Organization,5
85,2,1,Organization,4
85,3,1,Organization,4
85,1,2,SuppDet_Advantages,5
85,2,2,SuppDet_Advantages,5
85,3,2,SuppDet_Advantages,5
85,1,3,SuppDet_Disadvantages,2
85,2,3,SuppDet_Disadvantages,4
85,3,3,SuppDet_Disadvantages,3
85,1,4,LanguageUse,1
85,2,4,LanguageUse,4
85,3,4,LanguageUse,2
86,1,1,Organization,5
86,2,1,Organization,5
86,3,1,Organization,5
86,1,2,SuppDet_Advantages,5
86,2,2,SuppDet_Advantages,5
86,3,2,SuppDet_Advantages,5
86,1,3,SuppDet_Disadvantages,5
86,2,3,SuppDet_Disadvantages,4
86,3,3,SuppDet_Disadvantages,4
86,1,4,LanguageUse,5
86,2,4,LanguageUse,5
86,3,4,LanguageUse,5
87,1,1,Organization,5
87,2,1,Organization,5
87,3,1,Organization,5
87,1,2,SuppDet_Advantages,5
87,2,2,SuppDet_Advantages,5
87,3,2,SuppDet_Advantages,4
87,1,3,SuppDet_Disadvantages,5
87,2,3,SuppDet_Disadvantages,5
87,3,3,SuppDet_Disadvantages,5
87,1,4,LanguageUse,5
87,2,4,LanguageUse,5
87,3,4,LanguageUse,4
88,1,1,Organization,5
88,2,1,Organization,4
88,3,1,Organization,3
88,1,2,SuppDet_Advantages,5
88,2,2,SuppDet_Advantages,5
88,3,2,SuppDet_Advantages,5
88,1,3,SuppDet_Disadvantages,5
88,2,3,SuppDet_Disadvantages,4
88,3,3,SuppDet_Disadvantages,5
88,1,4,LanguageUse,5
88,2,4,LanguageUse,4
88,3,4,LanguageUse,3
89,1,1,Organization,5
89,2,1,Organization,5
89,3,1,Organization,5
89,1,2,SuppDet_Advantages,3
89,2,2,SuppDet_Advantages,2
89,3,2,SuppDet_Advantages,4
89,1,3,SuppDet_Disadvantages,5
89,2,3,SuppDet_Disadvantages,4
89,3,3,SuppDet_Disadvantages,5
89,1,4,LanguageUse,4
89,2,4,LanguageUse,2
89,3,4,LanguageUse,3
90,1,1,Organization,5
90,2,1,Organization,5
90,3,1,Organization,4
90,1,2,SuppDet_Advantages,5
90,2,2,SuppDet_Advantages,4
90,3,2,SuppDet_Advantages,4
90,1,3,SuppDet_Disadvantages,5
90,2,3,SuppDet_Disadvantages,5
90,3,3,SuppDet_Disadvantages,5
90,1,4,LanguageUse,3
90,2,4,LanguageUse,5
90,3,4,LanguageUse,5
91,1,1,Organization,5
91,2,1,Organization,5
91,3,1,Organization,4
91,1,2,SuppDet_Advantages,5
91,2,2,SuppDet_Advantages,5
91,3,2,SuppDet_Advantages,5
91,1,3,SuppDet_Disadvantages,3
91,2,3,SuppDet_Disadvantages,4
91,3,3,SuppDet_Disadvantages,3
91,1,4,LanguageUse,5
91,2,4,LanguageUse,4
91,3,4,LanguageUse,3
92,1,1,Organization,3
92,2,1,Organization,4
92,3,1,Organization,3
92,1,2,SuppDet_Advantages,3
92,2,2,SuppDet_Advantages,4
92,3,2,SuppDet_Advantages,3
92,1,3,SuppDet_Disadvantages,5
92,2,3,SuppDet_Disadvantages,4
92,3,3,SuppDet_Disadvantages,5
92,1,4,LanguageUse,5
92,2,4,LanguageUse,4
92,3,4,LanguageUse,5
93,1,1,Organization,5
93,2,1,Organization,5
93,3,1,Organization,4
93,1,2,SuppDet_Advantages,5
93,2,2,SuppDet_Advantages,5
93,3,2,SuppDet_Advantages,5
93,1,3,SuppDet_Disadvantages,5
93,2,3,SuppDet_Disadvantages,5
93,3,3,SuppDet_Disadvantages,5
93,1,4,LanguageUse,5
93,2,4,LanguageUse,5
93,3,4,LanguageUse,5
94,1,1,Organization,5
94,2,1,Organization,5
94,3,1,Organization,4
94,1,2,SuppDet_Advantages,5
94,2,2,SuppDet_Advantages,5
94,3,2,SuppDet_Advantages,5
94,1,3,SuppDet_Disadvantages,5
94,2,3,SuppDet_Disadvantages,5
94,3,3,SuppDet_Disadvantages,5
94,1,4,LanguageUse,4
94,2,4,LanguageUse,4
94,3,4,LanguageUse,3
95,1,1,Organization,4
95,2,1,Organization,3
95,3,1,Organization,3
95,1,2,SuppDet_Advantages,5
95,2,2,SuppDet_Advantages,4
95,3,2,SuppDet_Advantages,4
95,1,3,SuppDet_Disadvantages,4
95,2,3,SuppDet_Disadvantages,4
95,3,3,SuppDet_Disadvantages,4
95,1,4,LanguageUse,5
95,2,4,LanguageUse,5
95,3,4,LanguageUse,4
96,1,1,Organization,5
96,2,1,Organization,5
96,3,1,Organization,5
96,1,2,SuppDet_Advantages,4
96,2,2,SuppDet_Advantages,3
96,3,2,SuppDet_Advantages,3
96,1,3,SuppDet_Disadvantages,5
96,2,3,SuppDet_Disadvantages,5
96,3,3,SuppDet_Disadvantages,5
96,1,4,LanguageUse,5
96,2,4,LanguageUse,5
96,3,4,LanguageUse,4
97,1,1,Organization,4
97,2,1,Organization,4
97,3,1,Organization,2
97,1,2,SuppDet_Advantages,4
97,2,2,SuppDet_Advantages,3
97,3,2,SuppDet_Advantages,3
97,1,3,SuppDet_Disadvantages,3
97,2,3,SuppDet_Disadvantages,2
97,3,3,SuppDet_Disadvantages,3
97,1,4,LanguageUse,4
97,2,4,LanguageUse,3
97,3,4,LanguageUse,3
98,1,1,Organization,3
98,2,1,Organization,2
98,3,1,Organization,3
98,1,2,SuppDet_Advantages,3
98,2,2,SuppDet_Advantages,3
98,3,2,SuppDet_Advantages,3
98,1,3,SuppDet_Disadvantages,4
98,2,3,SuppDet_Disadvantages,2
98,3,3,SuppDet_Disadvantages,3
98,1,4,LanguageUse,2
98,2,4,LanguageUse,4
98,3,4,LanguageUse,3
99,1,1,Organization,4
99,2,1,Organization,2
99,3,1,Organization,3
99,1,2,SuppDet_Advantages,4
99,2,2,SuppDet_Advantages,4
99,3,2,SuppDet_Advantages,4
99,1,3,SuppDet_Disadvantages,5
99,2,3,SuppDet_Disadvantages,5
99,3,3,SuppDet_Disadvantages,3
99,1,4,LanguageUse,3
99,2,4,LanguageUse,4
99,3,4,LanguageUse,3
100,1,1,Organization,5
100,2,1,Organization,5
100,3,1,Organization,5
100,1,2,SuppDet_Advantages,5
100,2,2,SuppDet_Advantages,5
100,3,2,SuppDet_Advantages,5
100,1,3,SuppDet_Disadvantages,1
100,2,3,SuppDet_Disadvantages,3
100,3,3,SuppDet_Disadvantages,2
100,1,4,LanguageUse,5
100,2,4,LanguageUse,5
100,3,4,LanguageUse,5
101,1,1,Organization,5
101,2,1,Organization,5
101,3,1,Organization,5
101,1,2,SuppDet_Advantages,5
101,2,2,SuppDet_Advantages,4
101,3,2,SuppDet_Advantages,3
101,1,3,SuppDet_Disadvantages,5
101,2,3,SuppDet_Disadvantages,5
101,3,3,SuppDet_Disadvantages,4
101,1,4,LanguageUse,2
101,2,4,LanguageUse,3
101,3,4,LanguageUse,3
102,1,1,Organization,5
102,2,1,Organization,5
102,3,1,Organization,5
102,1,2,SuppDet_Advantages,5
102,2,2,SuppDet_Advantages,4
102,3,2,SuppDet_Advantages,3
102,1,3,SuppDet_Disadvantages,4
102,2,3,SuppDet_Disadvantages,4
102,3,3,SuppDet_Disadvantages,3
102,1,4,LanguageUse,5
102,2,4,LanguageUse,5
102,3,4,LanguageUse,3
103,1,1,Organization,5
103,2,1,Organization,5
103,3,1,Organization,5
103,1,2,SuppDet_Advantages,5
103,2,2,SuppDet_Advantages,5
103,3,2,SuppDet_Advantages,3
103,1,3,SuppDet_Disadvantages,4
103,2,3,SuppDet_Disadvantages,4
103,3,3,SuppDet_Disadvantages,3
103,1,4,LanguageUse,3
103,2,4,LanguageUse,2
103,3,4,LanguageUse,2
104,1,1,Organization,5
104,2,1,Organization,5
104,3,1,Organization,5
104,1,2,SuppDet_Advantages,5
104,2,2,SuppDet_Advantages,2
104,3,2,SuppDet_Advantages,3
104,1,3,SuppDet_Disadvantages,5
104,2,3,SuppDet_Disadvantages,4
104,3,3,SuppDet_Disadvantages,5
104,1,4,LanguageUse,5
104,2,4,LanguageUse,5
104,3,4,LanguageUse,4
105,1,1,Organization,3
105,2,1,Organization,4
105,3,1,Organization,4
105,1,2,SuppDet_Advantages,5
105,2,2,SuppDet_Advantages,4
105,3,2,SuppDet_Advantages,5
105,1,3,SuppDet_Disadvantages,2
105,2,3,SuppDet_Disadvantages,2
105,3,3,SuppDet_Disadvantages,1
105,1,4,LanguageUse,2
105,2,4,LanguageUse,3
105,3,4,LanguageUse,3
106,1,1,Organization,3
106,2,1,Organization,4
106,3,1,Organization,3
106,1,2,SuppDet_Advantages,5
106,2,2,SuppDet_Advantages,5
106,3,2,SuppDet_Advantages,5
106,1,3,SuppDet_Disadvantages,5
106,2,3,SuppDet_Disadvantages,5
106,3,3,SuppDet_Disadvantages,5
106,1,4,LanguageUse,5
106,2,4,LanguageUse,5
106,3,4,LanguageUse,5
107,1,1,Organization,5
107,2,1,Organization,4
107,3,1,Organization,4
107,1,2,SuppDet_Advantages,5
107,2,2,SuppDet_Advantages,4
107,3,2,SuppDet_Advantages,4
107,1,3,SuppDet_Disadvantages,2
107,2,3,SuppDet_Disadvantages,2
107,3,3,SuppDet_Disadvantages,2
107,1,4,LanguageUse,2
107,2,4,LanguageUse,2
107,3,4,LanguageUse,2
108,1,1,Organization,5
108,2,1,Organization,5
108,3,1,Organization,4
108,1,2,SuppDet_Advantages,5
108,2,2,SuppDet_Advantages,5
108,3,2,SuppDet_Advantages,4
108,1,3,SuppDet_Disadvantages,5
108,2,3,SuppDet_Disadvantages,5
108,3,3,SuppDet_Disadvantages,4
108,1,4,LanguageUse,5
108,2,4,LanguageUse,5
108,3,4,LanguageUse,5
109,1,1,Organization,5
109,2,1,Organization,5
109,3,1,Organization,5
109,1,2,SuppDet_Advantages,5
109,2,2,SuppDet_Advantages,5
109,3,2,SuppDet_Advantages,5
109,1,3,SuppDet_Disadvantages,3
109,2,3,SuppDet_Disadvantages,2
109,3,3,SuppDet_Disadvantages,2
109,1,4,LanguageUse,5
109,2,4,LanguageUse,5
109,3,4,LanguageUse,5
110,1,1,Organization,2
110,2,1,Organization,2
110,3,1,Organization,3
110,1,2,SuppDet_Advantages,5
110,2,2,SuppDet_Advantages,5
110,3,2,SuppDet_Advantages,5
110,1,3,SuppDet_Disadvantages,5
110,2,3,SuppDet_Disadvantages,4
110,3,3,SuppDet_Disadvantages,4
110,1,4,LanguageUse,5
110,2,4,LanguageUse,5
110,3,4,LanguageUse,5
111,1,1,Organization,5
111,2,1,Organization,5
111,3,1,Organization,5
111,1,2,SuppDet_Advantages,5
111,2,2,SuppDet_Advantages,5
111,3,2,SuppDet_Advantages,4
111,1,3,SuppDet_Disadvantages,3
111,2,3,SuppDet_Disadvantages,4
111,3,3,SuppDet_Disadvantages,3
111,1,4,LanguageUse,3
111,2,4,LanguageUse,4
111,3,4,LanguageUse,2
112,1,1,Organization,3
112,2,1,Organization,4
112,3,1,Organization,3
112,1,2,SuppDet_Advantages,5
112,2,2,SuppDet_Advantages,5
112,3,2,SuppDet_Advantages,5
112,1,3,SuppDet_Disadvantages,3
112,2,3,SuppDet_Disadvantages,4
112,3,3,SuppDet_Disadvantages,4
112,1,4,LanguageUse,5
112,2,4,LanguageUse,5
112,3,4,LanguageUse,4
113,1,1,Organization,5
113,2,1,Organization,4
113,3,1,Organization,4
113,1,2,SuppDet_Advantages,5
113,2,2,SuppDet_Advantages,4
113,3,2,SuppDet_Advantages,4
113,1,3,SuppDet_Disadvantages,4
113,2,3,SuppDet_Disadvantages,5
113,3,3,SuppDet_Disadvantages,3
113,1,4,LanguageUse,2
113,2,4,LanguageUse,4
113,3,4,LanguageUse,3
114,1,1,Organization,5
114,2,1,Organization,5
114,3,1,Organization,1
114,1,2,SuppDet_Advantages,3
114,2,2,SuppDet_Advantages,2
114,3,2,SuppDet_Advantages,1
114,1,3,SuppDet_Disadvantages,5
114,2,3,SuppDet_Disadvantages,4
114,3,3,SuppDet_Disadvantages,3
114,1,4,LanguageUse,5
114,2,4,LanguageUse,5
114,3,4,LanguageUse,5
115,1,1,Organization,4
115,2,1,Organization,4
115,3,1,Organization,4
115,1,2,SuppDet_Advantages,5
115,2,2,SuppDet_Advantages,5
115,3,2,SuppDet_Advantages,5
115,1,3,SuppDet_Disadvantages,5
115,2,3,SuppDet_Disadvantages,3
115,3,3,SuppDet_Disadvantages,4
115,1,4,LanguageUse,5
115,2,4,LanguageUse,5
115,3,4,LanguageUse,5
116,1,1,Organization,5
116,2,1,Organization,5
116,3,1,Organization,5
116,1,2,SuppDet_Advantages,5
116,2,2,SuppDet_Advantages,5
116,3,2,SuppDet_Advantages,4
116,1,3,SuppDet_Disadvantages,5
116,2,3,SuppDet_Disadvantages,4
116,3,3,SuppDet_Disadvantages,5
116,1,4,LanguageUse,5
116,2,4,LanguageUse,5
116,3,4,LanguageUse,5
117,1,1,Organization,3
117,2,1,Organization,3
117,3,1,Organization,2
117,1,2,SuppDet_Advantages,5
117,2,2,SuppDet_Advantages,4
117,3,2,SuppDet_Advantages,4
117,1,3,SuppDet_Disadvantages,3
117,2,3,SuppDet_Disadvantages,2
117,3,3,SuppDet_Disadvantages,3
117,1,4,LanguageUse,3
117,2,4,LanguageUse,2
117,3,4,LanguageUse,2
118,1,1,Organization,4
118,2,1,Organization,3
118,3,1,Organization,3
118,1,2,SuppDet_Advantages,3
118,2,2,SuppDet_Advantages,4
118,3,2,SuppDet_Advantages,3
118,1,3,SuppDet_Disadvantages,3
118,2,3,SuppDet_Disadvantages,5
118,3,3,SuppDet_Disadvantages,3
118,1,4,LanguageUse,5
118,2,4,LanguageUse,4
118,3,4,LanguageUse,5
119,1,1,Organization,5
119,2,1,Organization,4
119,3,1,Organization,4
119,1,2,SuppDet_Advantages,4
119,2,2,SuppDet_Advantages,3
119,3,2,SuppDet_Advantages,3
119,1,3,SuppDet_Disadvantages,1
119,2,3,SuppDet_Disadvantages,3
119,3,3,SuppDet_Disadvantages,2
119,1,4,LanguageUse,5
119,2,4,LanguageUse,4
119,3,4,LanguageUse,4
120,1,1,Organization,5
120,2,1,Organization,5
120,3,1,Organization,5
120,1,2,SuppDet_Advantages,5
120,2,2,SuppDet_Advantages,4
120,3,2,SuppDet_Advantages,4
120,1,3,SuppDet_Disadvantages,4
120,2,3,SuppDet_Disadvantages,5
120,3,3,SuppDet_Disadvantages,4
120,1,4,LanguageUse,5
120,2,4,LanguageUse,3
120,3,4,LanguageUse,4
121,1,1,Organization,4
121,2,1,Organization,4
121,3,1,Organization,3
121,1,2,SuppDet_Advantages,5
121,2,2,SuppDet_Advantages,5
121,3,2,SuppDet_Advantages,5
121,1,3,SuppDet_Disadvantages,5
121,2,3,SuppDet_Disadvantages,5
121,3,3,SuppDet_Disadvantages,5
121,1,4,LanguageUse,5
121,2,4,LanguageUse,5
121,3,4,LanguageUse,4
122,1,1,Organization,3
122,2,1,Organization,2
122,3,1,Organization,3
122,1,2,SuppDet_Advantages,5
122,2,2,SuppDet_Advantages,5
122,3,2,SuppDet_Advantages,5
122,1,3,SuppDet_Disadvantages,4
122,2,3,SuppDet_Disadvantages,5
122,3,3,SuppDet_Disadvantages,3
122,1,4,LanguageUse,2
122,2,4,LanguageUse,2
122,3,4,LanguageUse,3
123,1,1,Organization,5
123,2,1,Organization,5
123,3,1,Organization,5
123,1,2,SuppDet_Advantages,4
123,2,2,SuppDet_Advantages,4
123,3,2,SuppDet_Advantages,3
123,1,3,SuppDet_Disadvantages,5
123,2,3,SuppDet_Disadvantages,5
123,3,3,SuppDet_Disadvantages,4
123,1,4,LanguageUse,3
123,2,4,LanguageUse,4
123,3,4,LanguageUse,2
124,1,1,Organization,5
124,2,1,Organization,4
124,3,1,Organization,3
124,1,2,SuppDet_Advantages,2
124,2,2,SuppDet_Advantages,2
124,3,2,SuppDet_Advantages,3
124,1,3,SuppDet_Disadvantages,3
124,2,3,SuppDet_Disadvantages,2
124,3,3,SuppDet_Disadvantages,4
124,1,4,LanguageUse,2
124,2,4,LanguageUse,2
124,3,4,LanguageUse,3
125,1,1,Organization,4
125,2,1,Organization,4
125,3,1,Organization,4
125,1,2,SuppDet_Advantages,5
125,2,2,SuppDet_Advantages,5
125,3,2,SuppDet_Advantages,4
125,1,3,SuppDet_Disadvantages,5
125,2,3,SuppDet_Disadvantages,5
125,3,3,SuppDet_Disadvantages,4
125,1,4,LanguageUse,5
125,2,4,LanguageUse,5
125,3,4,LanguageUse,4
126,1,1,Organization,3
126,2,1,Organization,4
126,3,1,Organization,3
126,1,2,SuppDet_Advantages,3
126,2,2,SuppDet_Advantages,2
126,3,2,SuppDet_Advantages,3
126,1,3,SuppDet_Disadvantages,4
126,2,3,SuppDet_Disadvantages,4
126,3,3,SuppDet_Disadvantages,4
126,1,4,LanguageUse,4
126,2,4,LanguageUse,2
126,3,4,LanguageUse,3
127,1,1,Organization,5
127,2,1,Organization,5
127,3,1,Organization,5
127,1,2,SuppDet_Advantages,3
127,2,2,SuppDet_Advantages,4
127,3,2,SuppDet_Advantages,4
127,1,3,SuppDet_Disadvantages,3
127,2,3,SuppDet_Disadvantages,2
127,3,3,SuppDet_Disadvantages,4
127,1,4,LanguageUse,5
127,2,4,LanguageUse,5
127,3,4,LanguageUse,4
128,1,1,Organization,5
128,2,1,Organization,5
128,3,1,Organization,5
128,1,2,SuppDet_Advantages,5
128,2,2,SuppDet_Advantages,5
128,3,2,SuppDet_Advantages,4
128,1,3,SuppDet_Disadvantages,5
128,2,3,SuppDet_Disadvantages,4
128,3,3,SuppDet_Disadvantages,4
128,1,4,LanguageUse,5
128,2,4,LanguageUse,5
128,3,4,LanguageUse,4
129,1,1,Organization,3
129,2,1,Organization,4
129,3,1,Organization,2
129,1,2,SuppDet_Advantages,2
129,2,2,SuppDet_Advantages,4
129,3,2,SuppDet_Advantages,2
129,1,3,SuppDet_Disadvantages,4
129,2,3,SuppDet_Disadvantages,2
129,3,3,SuppDet_Disadvantages,3
129,1,4,LanguageUse,5
129,2,4,LanguageUse,4
129,3,4,LanguageUse,3
130,1,1,Organization,5
130,2,1,Organization,5
130,3,1,Organization,4
130,1,2,SuppDet_Advantages,5
130,2,2,SuppDet_Advantages,4
130,3,2,SuppDet_Advantages,4
130,1,3,SuppDet_Disadvantages,5
130,2,3,SuppDet_Disadvantages,5
130,3,3,SuppDet_Disadvantages,5
130,1,4,LanguageUse,5
130,2,4,LanguageUse,5
130,3,4,LanguageUse,5
131,1,1,Organization,5
131,2,1,Organization,5
131,3,1,Organization,5
131,1,2,SuppDet_Advantages,5
131,2,2,SuppDet_Advantages,5
131,3,2,SuppDet_Advantages,5
131,1,3,SuppDet_Disadvantages,5
131,2,3,SuppDet_Disadvantages,5
131,3,3,SuppDet_Disadvantages,5
131,1,4,LanguageUse,5
131,2,4,LanguageUse,4
131,3,4,LanguageUse,4
132,1,1,Organization,5
132,2,1,Organization,5
132,3,1,Organization,5
132,1,2,SuppDet_Advantages,5
132,2,2,SuppDet_Advantages,4
132,3,2,SuppDet_Advantages,4
132,1,3,SuppDet_Disadvantages,5
132,2,3,SuppDet_Disadvantages,5
132,3,3,SuppDet_Disadvantages,5
132,1,4,LanguageUse,3
132,2,4,LanguageUse,2
132,3,4,LanguageUse,3
133,1,1,Organization,4
133,2,1,Organization,4
133,3,1,Organization,3
133,1,2,SuppDet_Advantages,3
133,2,2,SuppDet_Advantages,3
133,3,2,SuppDet_Advantages,3
133,1,3,SuppDet_Disadvantages,5
133,2,3,SuppDet_Disadvantages,5
133,3,3,SuppDet_Disadvantages,5
133,1,4,LanguageUse,5
133,2,4,LanguageUse,5
133,3,4,LanguageUse,4
134,1,1,Organization,3
134,2,1,Organization,4
134,3,1,Organization,2
134,1,2,SuppDet_Advantages,5
134,2,2,SuppDet_Advantages,5
134,3,2,SuppDet_Advantages,3
134,1,3,SuppDet_Disadvantages,5
134,2,3,SuppDet_Disadvantages,4
134,3,3,SuppDet_Disadvantages,5
134,1,4,LanguageUse,3
134,2,4,LanguageUse,2
134,3,4,LanguageUse,3
135,1,1,Organization,5
135,2,1,Organization,4
135,3,1,Organization,5
135,1,2,SuppDet_Advantages,3
135,2,2,SuppDet_Advantages,4
135,3,2,SuppDet_Advantages,4
135,1,3,SuppDet_Disadvantages,4
135,2,3,SuppDet_Disadvantages,4
135,3,3,SuppDet_Disadvantages,3
135,1,4,LanguageUse,3
135,2,4,LanguageUse,4
135,3,4,LanguageUse,3
136,1,1,Organization,3
136,2,1,Organization,1
136,3,1,Organization,2
136,1,2,SuppDet_Advantages,5
136,2,2,SuppDet_Advantages,5
136,3,2,SuppDet_Advantages,5
136,1,3,SuppDet_Disadvantages,5
136,2,3,SuppDet_Disadvantages,5
136,3,3,SuppDet_Disadvantages,5
136,1,4,LanguageUse,5
136,2,4,LanguageUse,5
136,3,4,LanguageUse,5
137,1,1,Organization,5
137,2,1,Organization,5
137,3,1,Organization,4
137,1,2,SuppDet_Advantages,4
137,2,2,SuppDet_Advantages,3
137,3,2,SuppDet_Advantages,3
137,1,3,SuppDet_Disadvantages,5
137,2,3,SuppDet_Disadvantages,5
137,3,3,SuppDet_Disadvantages,5
137,1,4,LanguageUse,3
137,2,4,LanguageUse,2
137,3,4,LanguageUse,3
138,1,1,Organization,5
138,2,1,Organization,4
138,3,1,Organization,3
138,1,2,SuppDet_Advantages,5
138,2,2,SuppDet_Advantages,5
138,3,2,SuppDet_Advantages,5
138,1,3,SuppDet_Disadvantages,5
138,2,3,SuppDet_Disadvantages,4
138,3,3,SuppDet_Disadvantages,5
138,1,4,LanguageUse,5
138,2,4,LanguageUse,5
138,3,4,LanguageUse,5
139,1,1,Organization,5
139,2,1,Organization,5
139,3,1,Organization,5
139,1,2,SuppDet_Advantages,5
139,2,2,SuppDet_Advantages,4
139,3,2,SuppDet_Advantages,3
139,1,3,SuppDet_Disadvantages,1
139,2,3,SuppDet_Disadvantages,2
139,3,3,SuppDet_Disadvantages,4
139,1,4,LanguageUse,5
139,2,4,LanguageUse,4
139,3,4,LanguageUse,4
140,1,1,Organization,5
140,2,1,Organization,5
140,3,1,Organization,4
140,1,2,SuppDet_Advantages,5
140,2,2,SuppDet_Advantages,5
140,3,2,SuppDet_Advantages,5
140,1,3,SuppDet_Disadvantages,5
140,2,3,SuppDet_Disadvantages,4
140,3,3,SuppDet_Disadvantages,4
140,1,4,LanguageUse,5
140,2,4,LanguageUse,5
140,3,4,LanguageUse,4
141,1,1,Organization,3
141,2,1,Organization,4
141,3,1,Organization,4
141,1,2,SuppDet_Advantages,4
141,2,2,SuppDet_Advantages,2
141,3,2,SuppDet_Advantages,2
141,1,3,SuppDet_Disadvantages,5
141,2,3,SuppDet_Disadvantages,5
141,3,3,SuppDet_Disadvantages,4
141,1,4,LanguageUse,4
141,2,4,LanguageUse,4
141,3,4,LanguageUse,3
142,1,1,Organization,5
142,2,1,Organization,4
142,3,1,Organization,5
142,1,2,SuppDet_Advantages,3
142,2,2,SuppDet_Advantages,2
142,3,2,SuppDet_Advantages,3
142,1,3,SuppDet_Disadvantages,4
142,2,3,SuppDet_Disadvantages,5
142,3,3,SuppDet_Disadvantages,3
142,1,4,LanguageUse,2
142,2,4,LanguageUse,3
142,3,4,LanguageUse,3
143,1,1,Organization,5
143,2,1,Organization,5
143,3,1,Organization,5
143,1,2,SuppDet_Advantages,5
143,2,2,SuppDet_Advantages,5
143,3,2,SuppDet_Advantages,5
143,1,3,SuppDet_Disadvantages,5
143,2,3,SuppDet_Disadvantages,4
143,3,3,SuppDet_Disadvantages,3
143,1,4,LanguageUse,5
143,2,4,LanguageUse,5
143,3,4,LanguageUse,4
144,1,1,Organization,5
144,2,1,Organization,5
144,3,1,Organization,4
144,1,2,SuppDet_Advantages,5
144,2,2,SuppDet_Advantages,4
144,3,2,SuppDet_Advantages,4
144,1,3,SuppDet_Disadvantages,5
144,2,3,SuppDet_Disadvantages,5
144,3,3,SuppDet_Disadvantages,4
144,1,4,LanguageUse,5
144,2,4,LanguageUse,5
144,3,4,LanguageUse,5
145,1,1,Organization,3
145,2,1,Organization,4
145,3,1,Organization,4
145,1,2,SuppDet_Advantages,2
145,2,2,SuppDet_Advantages,4
145,3,2,SuppDet_Advantages,4
145,1,3,SuppDet_Disadvantages,2
145,2,3,SuppDet_Disadvantages,3
145,3,3,SuppDet_Disadvantages,2
145,1,4,LanguageUse,5
145,2,4,LanguageUse,5
145,3,4,LanguageUse,5
146,1,1,Organization,4
146,2,1,Organization,5
146,3,1,Organization,3
146,1,2,SuppDet_Advantages,3
146,2,2,SuppDet_Advantages,3
146,3,2,SuppDet_Advantages,1
146,1,3,SuppDet_Disadvantages,5
146,2,3,SuppDet_Disadvantages,5
146,3,3,SuppDet_Disadvantages,5
146,1,4,LanguageUse,3
146,2,4,LanguageUse,4
146,3,4,LanguageUse,2
147,1,1,Organization,4
147,2,1,Organization,2
147,3,1,Organization,3
147,1,2,SuppDet_Advantages,2
147,2,2,SuppDet_Advantages,3
147,3,2,SuppDet_Advantages,4
147,1,3,SuppDet_Disadvantages,3
147,2,3,SuppDet_Disadvantages,3
147,3,3,SuppDet_Disadvantages,3
147,1,4,LanguageUse,5
147,2,4,LanguageUse,4
147,3,4,LanguageUse,3
148,1,1,Organization,5
148,2,1,Organization,5
148,3,1,Organization,5
148,1,2,SuppDet_Advantages,5
148,2,2,SuppDet_Advantages,5
148,3,2,SuppDet_Advantages,5
148,1,3,SuppDet_Disadvantages,5
148,2,3,SuppDet_Disadvantages,5
148,3,3,SuppDet_Disadvantages,4
148,1,4,LanguageUse,5
148,2,4,LanguageUse,5
148,3,4,LanguageUse,5
149,1,1,Organization,5
149,2,1,Organization,4
149,3,1,Organization,3
149,1,2,SuppDet_Advantages,5
149,2,2,SuppDet_Advantages,5
149,3,2,SuppDet_Advantages,5
149,1,3,SuppDet_Disadvantages,5
149,2,3,SuppDet_Disadvantages,5
149,3,3,SuppDet_Disadvantages,5
149,1,4,LanguageUse,5
149,2,4,LanguageUse,4
149,3,4,LanguageUse,4
150,1,1,Organization,4
150,2,1,Organization,4
150,3,1,Organization,3
150,1,2,SuppDet_Advantages,5
150,2,2,SuppDet_Advantages,5
150,3,2,SuppDet_Advantages,3
150,1,3,SuppDet_Disadvantages,2
150,2,3,SuppDet_Disadvantages,4
150,3,3,SuppDet_Disadvantages,2
150,1,4,LanguageUse,5
150,2,4,LanguageUse,5
150,3,4,LanguageUse,5
